                  epoch,         train/box_loss,         train/seg_loss,         train/cls_loss,         train/dfl_loss,   metrics/precision(B),      metrics/recall(B),       metrics/mAP50(B),    metrics/mAP50-95(B),   metrics/precision(M),      metrics/recall(M),       metrics/mAP50(M),    metrics/mAP50-95(M),           val/box_loss,           val/seg_loss,           val/cls_loss,           val/dfl_loss,                 lr/pg0,                 lr/pg1,                 lr/pg2
                      1,                0.89737,                 2.4307,                 2.1501,                 1.3997,                 0.8698,                0.30682,                0.51938,                0.30898,                0.78762,                0.23864,                0.40244,                0.17329,                 1.0848,                 2.8667,                 2.3089,                 2.0898,             0.00054065,             0.00054065,             0.00054065
                      2,                0.77602,                 1.6129,                 1.4053,                 1.2747,                0.87027,                0.42614,                0.54909,                0.40092,                0.87027,                0.42614,                0.54788,                0.39414,                0.85215,                 1.6885,                 1.6401,                  1.693,             0.00055364,             0.00055364,             0.00055364
